name,address,district,website,detected,server_header,x_powered_by,status_code,error
Samsun Dental Klinik Ağız Ve Diş Sağlığı Polikliniği,"Bahçelievler, Lise Cd. No:43/9, 55070 İlkadım/Samsun, Türkiye",İlkadım,http://www.samsundentalklinik.com/,Bilinmiyor / özel kod,nginx,,200,
DENTALPARK AĞIZ VE DİŞ SAĞLIĞI POLİKLİNİĞİ | Dişçi | implant | Diş Çekimi | Gülüş Tasarımı | Zirkonyum Kaplama | Emax kaplama,"Ömürevleri, İsmet İnönü Blv. no:289, 55200 Atakum/Samsun, Türkiye",Atakum,https://dentalparksamsun.com/,WordPress,nginx,,200,
Bilim Diş Kliniği Atakum Ağız ve Diş Sağlığı Polikliniği ( Diş Hekimi Hüseyin KAYA - Diş Hekimi Resul Yüksek ),"Cumhuriyet, Alparslan Blv. No:18, 55200 Atakum/Samsun, Türkiye",Atakum,http://bilimdisklinigi.com/,WordPress,LiteSpeed,,200,
Denta Samsun Ağız ve Diş Sağlığı Polikliniği,"Kale, İstiklal Cd. No:35 D:1, 55030 İlkadım/Samsun, Türkiye",İlkadım,https://www.dentaclinics.com/tr/,,,,,"HTTPSConnectionPool(host='www.dentaclinics.com', port=443): Max retries exceeded with url: /tr/ (Caused by SSLError(SSLCertVerificationError(1, '[SSL: CERTIFICATE_VERIFY_FAILED] certificate verify failed: certificate has expired (_ssl.c:1016)')))"
Dent Samsun | Samsun Ağız ve Diş Sağlığı Polikliniği,"Saitbey, 100. Yıl Blv. Çiçek apt No:91/3, 55030 İlkadım/Samsun, Türkiye",İlkadım,http://www.dentsamsun.com/,Bilinmiyor / özel kod,LiteSpeed,,200,
Berlin Dental Klinik Ağız ve Diş Sağlığı Polikliniği,"Cumhuriyet, Bariş Caddesi No:8A, 55200 Atakum/Samsun, Türkiye",Atakum,http://dentaberlin.com/,WordPress,LiteSpeed,PHP/8.2.31,200,
Atakum Diş Hekimi Hüseyin KAYA,"Cumhuriyet, Alparslan Blv. No:18, 55200 Atakum/Samsun, Türkiye",Atakum,https://dthuseyinkaya.com/,WordPress,,,200,
Samsun Dental Prime | Atakum Diş Kliniği | Samsun Diş Kliniği | Samsun Çocuk Diş Doktoru,"Lotus Evleri, Mimarsinan, Atatürk Bl. No:257/A Zemin Kat, 55200 Atakum/Samsun, Türkiye",Atakum,http://www.samsundentalprime.com.tr/,Bilinmiyor / özel kod,cloudflare,,200,
RivaDent İlkadım Ağız ve Diş Sağlığı Polikliniği,"Faktör Ofis, Hançerli, 608. Sok No. 5/9, 55070 İlkadım/Samsun, Türkiye",İlkadım,https://rivadent.com.tr/poliklinikler/rivadent-ilkadim,Bilinmiyor / özel kod,LiteSpeed,PHP/7.4.33,200,
Dentalpark Ağız ve Diş Sağlığı Kliniği Mevlana Şubesi,"Mevlana, 776.Sokak NO: 9/A, 55200 Atakum/Samsun, Türkiye",Atakum,http://dentalparksamsun.com/,WordPress,nginx,,200,
SmileDent Diş Polikliniği - Uzm. Dt. Samet Çelik | Diş implantı | Invisalign | Gülüş Tasarımı | Şeffaf Plak Tedavisi,"Albayrak Apartmanı, Mimarsinan, 144. Sk. No: 33/2, 55200 Atakum/Samsun, Türkiye",Atakum,http://www.smiledent.com.tr/,Bilinmiyor / özel kod,LiteSpeed,,200,
RivaDent Atakum Ağız ve Diş Sağlığı Polikliniği,"Mimarsinan, Atatürk Bl. Riva İş Merkezi No: 260 Kat:1, 55200 Atakum/Samsun, Türkiye",Atakum,https://rivadent.com.tr/poliklinikler/rivadent-atakum,Bilinmiyor / özel kod,LiteSpeed,PHP/7.4.33,200,
Medisam Samsun,"Adalet, Akboğa Sk. No:21 İç Kapı No:1, 55060 İlkadım/Samsun, Türkiye",İlkadım,https://medisamlife.com.tr/,Laravel,LiteSpeed,,200,
Bilim Diş Kliniği 56'lar,"Bahçelievler, İstiklal Cd. kazım kara apartmanı no:190, iç kapı no: 7, 55070 İlkadım/Samsun, Türkiye",İlkadım,,Website yok,,,,
Özel Samsun Ağız ve Diş Sağlığı Polikliniği,"Hürriyet Mh. Ağabali Cd, Hürriyet, Hakkı Bey Sk. No:48/2, 55030 İlkadım/Samsun, Türkiye",İlkadım,,Website yok,,,,
İlgi Dent | Samsun Diş Kliniği,"Mimarsinan, 160. Sk. No:26-1 Kat: 2, 55200 Atakum/Samsun, Türkiye",Atakum,https://dentilgi.com/,WordPress,LiteSpeed,PHP/8.3.31,200,
Atakum Atadent Diş Kliniği Dt. Fatih Biçer & Dt. A.Selim Kocabaş,"Güzelyalı, 3021. Sk. No:1/2, 55270 Atakum/Samsun, Türkiye",Atakum,,Website yok,,,,
"Uzm.Dt. İbrahim Şimşek - Samsun Uzman Diş Hekimi, Samsun Pedodonti, Samsun Çocuk Diş Doktoru, Samsun Çocuk Diş Hekimi","Cumhuriyet Mah. Alparslan Bul. Sungur Apt. No: 32 Kat: 1 Daire: 3, Cumhuriyet, 55200 Atakum/Samsun, Türkiye",Atakum,https://www.ibrahimsimsek.com.tr/,WordPress,LiteSpeed,,200,
Özel Etiler Ağız ve Diş Sağlığı Polikliniği - Samsun Diş Klinikleri - Samsun Atakum Diş Kliniği,"Mimarsinan, Atatürk Bl. no:283B, 55200 Atakum/Samsun, Türkiye",Atakum,https://ozeletilerdis.com/,,,,,"HTTPSConnectionPool(host='ozeletilerdis.com', port=443): Max retries exceeded with url: / (Caused by NameResolutionError(""HTTPSConnection(host='ozeletilerdis.com', port=443): Failed to resolve 'ozeletilerdis.com' ([Errno -2] Name or service not known)""))"
Kuzey Diş Polikliniği,"Kuzey diş polikliniği, Construction Borkonut, Kılıçdede, Kastamonu Sk. No:6/11, 55060 İlkadım/Samsun, Türkiye",İlkadım,,Website yok,,,,
Samsun Estetik Diş Hekimi Fadime Sarı,"Karadeniz, Mescizade Sk. MÜHENDİSLER APT 34/6 KAT:2 DAİRE:6, 55020 İlkadım/Samsun, Türkiye",İlkadım,https://www.fadimesari.com.tr/,WordPress,LiteSpeed,PHP/7.4.33,200,
Diş Hekimi Dilara Alim,"Baran Apartmanı, Bahçelievler, İstiklal Cd. No: 242, 55000 İlkadım/Samsun, Türkiye",İlkadım,http://instagram.com/dtdilaraalim,Bilinmiyor / özel kod,,,429,
"Uzm. Dt. Ayşe Büşra Şimşek - Samsun Ortodonti Uzmanı - Atakum Ortodonti Uzmanı, Samsun Özel Diş Hekimi, Özel Diş Doktoru","Cumhuriyet Mahallesi Alparslan Bulvarı Sungur Apt. No:32 Kat:1 Daire:3, Cumhuriyet, 55200 Atakum/Samsun, Türkiye",Atakum,https://www.aysebusrasimsek.com/,WordPress,cloudflare,,200,
Samsun İlkadım Diş Hekimi Aslıhan Rasulzade,"Bahçelievler, İstiklal Cd. No:160 K:1 D:10, 55000 İlkadım/Samsun, Türkiye",İlkadım,https://www.doktorsitesi.com/aslihan-rasulzade/dis-hekimi/samsun,Next.js,cloudflare,,200,
Diş Hekimi Mert Çelebi Gündüz,"Hürriyet mahallesi Çiftlik caddesi, Hürriyet, Alp Gündem Sk. atalay apartmanı kat:3 daire:10, 55000 İlkadım/Samsun, Türkiye",İlkadım,https://dtmertgunduz.com/,WordPress,hcdn,PHP/8.3.31,200,
"Dent362 Prof. Dr. Mahmut Sumer, Ağız Diş Ve Çene Cerrahisi","Cumhuriyet, 6. Sk. NO:7, 55020 Atakum/Samsun, Türkiye",Atakum,https://www.doktortakvimi.com/mahmut-sumer/agiz-dis-ve-cene-cerrahisi-dis-hekimi/samsun?utm_source=google&utm_medium=gmb&utm_campaign=129485&utm_content=website,Bilinmiyor / özel kod,nginx,,200,
Dr. Tuncay Seven,"Ulugazi, İstiklal Cd. No:24 D:3, 55060 İlkadım/Samsun, Türkiye",İlkadım,,Website yok,,,,
Diş hekimi Çağlar Şentürk,"Adalet, Gümüşhane Sk. No:26/2, 55000 İlkadım/Samsun, Türkiye",İlkadım,,Website yok,,,,
Diş Hekimi Canberk USLU,"hitit apartmanı, Çiftlik, Lise Cd. no:32/1, 55006 İlkadım/Samsun, Türkiye",İlkadım,http://www.canberkuslu.com/,Bilinmiyor / özel kod,nginx,,200,
Samsun Ağız Ve Diş Sağlığı Hastanesi,"Adalet, Lise Cd. No:83, 55060 İlkadım/Samsun, Türkiye",İlkadım,https://samsunadsh.saglik.gov.tr/,,,,,"HTTPSConnectionPool(host='samsunadsh.saglik.gov.tr', port=443): Read timed out. (read timeout=10)"
Özel Atakum Ağız Ve Diş Sağlığı Polikliniği,"Cumhuriyet, Alparslan Blv. Erman Apt No:6 Kat:1 No:6 Kat:1, 55200 Atakum/Samsun, Türkiye",Atakum,https://www.dtermanurer.com/,Bilinmiyor / özel kod,nginx,,200,
Samsun Ağız Ve Diş Sağlığı Polikliniği,"Kadıköy, 100. Yıl Blv., 55040 İlkadım/Samsun, Türkiye",İlkadım,,Website yok,,,,
Atakum Ağız ve Diş Sağlığı Merkezi,"Mimarsinan, 178. Sk., 55200 Atakum/Samsun, Türkiye",Atakum,"https://samsun.saglik.gov.tr/TR,154935/atakum-agiz-ve-dis-sagligi-merkezi.html",,,,,"HTTPSConnectionPool(host='samsun.saglik.gov.tr', port=443): Read timed out. (read timeout=10)"
Özel Atakent Ağız ve Diş Sağlığı Polikliniği (Uzm. Dt. Tamer Yıldırım & Uzm. Dt. Burcu Yıldırım) | Atakum/Samsun,"Yenimahalle, Ali Gaffar Okkan Cd. No:14/1, 55270 Atakum/Samsun, Türkiye",Atakum,https://www.instagram.com/ozelatakent?igsh=bjA4bXhtbmp5MjRh&utm_source=qr,Bilinmiyor / özel kod,,,429,
DENT 1919 AĞIZ VE DİŞ SAĞLIĞI POLİKLİNİĞİ,"Hasköy, Yeşilkent Sk. No:35, 55080 Canik/Samsun, Türkiye",Canik,,Website yok,,,,
Karadeniz Ağız ve Diş Sağlığı Kliniği - Samsun İlkadım Şube,"Ulugazi, İstiklal Cd. No:32/3 İç kapı No:3, 55000 İlkadım/Samsun, Türkiye",İlkadım,https://www.karadenizdis.com/,,,,,"HTTPSConnectionPool(host='www.karadenizdis.com', port=443): Max retries exceeded with url: / (Caused by SSLError(SSLCertVerificationError(1, '[SSL: CERTIFICATE_VERIFY_FAILED] certificate verify failed: self-signed certificate (_ssl.c:1016)')))"
DENTSAM AĞIZ VE DİŞ SAĞLIĞI POLİKLİNİĞİ,"Kılıçdede, İstiklal Cd. no:199 55060, 55060 İlkadım/Samsun, Türkiye",İlkadım,https://dentsam.com.tr/,Bilinmiyor / özel kod,cloudflare,,200,
Karadeniz Ağız ve Diş Sağlığı Polikliniği - Samsun Atakum Şube,"Yeni Mahalle Mah, Ali Gaffar Okkan Cd. No:90, 55200 Atakum/Samsun, Türkiye",Atakum,,Website yok,,,,
NEVADENT ORAL AND DENTAL HEALTH CENTER,"19 Mayıs, Cumhuriyet Cd. No:42, 55030 İlkadım/Samsun, Türkiye",İlkadım,http://www.nevadent.com.tr/,,,,,"HTTPSConnectionPool(host='nevadent.com.tr', port=443): Max retries exceeded with url: / (Caused by SSLError(SSLCertVerificationError(1, '[SSL: CERTIFICATE_VERIFY_FAILED] certificate verify failed: certificate has expired (_ssl.c:1016)')))"
Özel Harbalioğlu Ağız Ve Diş Sağlığı Polikliniği (Atakum/Samsun),"Mimarsinan, 144. Sk. Albayrak Apt No:33 A Blok Kat:1, 55200 Atakum/Samsun, Türkiye",Atakum,http://www.harbalioglu.com/,WordPress,,,200,
Pepuza Dental | Atakum Diş Kliniği,"Mimarsinan, Atatürk Bl. No:264 Kat:2, 55200 Atakum/Samsun, Türkiye",Atakum,https://www.pepuzadental.com/,Bilinmiyor / özel kod,LiteSpeed,,200,
Kuzey Gökdelen - Samsun Diş Polikliniği,"Beypınar, Recep Tayyip Erdoğan Bulvarı No:188/A, 55060 Atakum/Samsun, Türkiye",Atakum,,Website yok,,,,
Özel Ömürevleri Ağız Ve Diş Sağlığı Polikliniği,"Cumhuriyet, Recep Tayyip Erdoğan Blv No:22/C, 55200 Atakum/Samsun, Türkiye",Atakum,https://www.google.com/search?gs_ssp=eJzj4tVP1zc0LMwzsDQzrjQxYLRSNagwMbCwMLe0SLFIMTY1SUqytDKoMEtOszBPNTC3NDA1S0ozNPeSOrwt9_CeotSynNSiTIWUzKPzFbJzMvMyj8zPBADFiRsg&q=%C3%B6m%C3%BCrevleri+di%C5%9F+klini%C4%9Fi&oq=%C3%B6m%C3%BCrevleri&aqs=chrome.1.69i57j46l3j0j69i61l2j69i60.3168j0j7&sourceid=chrome&ie=UTF-8,Bilinmiyor / özel kod,gws,,200,
Diş hekimi Fatma Nur Bacanlı&Diş hekimi Faruk Kayadelen,"Yenimahalle, 3078. Sk. No:22, 55200 Atakum/Samsun, Türkiye",Atakum,,Website yok,,,,
Diş Hekimi Ömer Habib DOĞAN,"Cumhuriyet, Alparslan Blv. Deniz Apt No:20/5, 55020 Atakum/Samsun, Türkiye",Atakum,,Website yok,,,,
Atakum Diş Hekimi Pınar İhtiyar,"Cumhuriyet, Alparslan Blv. No:10 Daire:3, 55200 Atakum/Samsun, Türkiye",Atakum,https://www.dishekimipinarihtiyar.com/,,,,,"HTTPSConnectionPool(host='www.dishekimipinarihtiyar.com', port=443): Max retries exceeded with url: / (Caused by NameResolutionError(""HTTPSConnection(host='www.dishekimipinarihtiyar.com', port=443): Failed to resolve 'www.dishekimipinarihtiyar.com' ([Errno -2] Name or service not known)""))"
Diş Hekimi Hatice Gökdağ İner,"Büyükkolpınar, Alaçam Cd. No:133, 55200 Atakum/Samsun, Türkiye",Atakum,,Website yok,,,,
DT. GÖKÇE DEMİRTAŞ,"Cumhuriyet, İsmet İnönü Blv. No:210 D:5, 55200 Atakum/Samsun, Türkiye",Atakum,,Website yok,,,,
Atakum Diş Hekimi Doç. Dr. İsmail Hakkı UZUN (PROTETİK DİŞ TEDAVİSİ UZMANI),"Cumhuriyet Mahallesi Alparslan Bulvarı Sungur Apt, Cumhuriyet, No:32/9, 55200 Atakum/Samsun, Türkiye",Atakum,,Website yok,,,,
Diş Hekimi Nazan Can,"Zafer, Gazi Cd. No:122 D:5 Kat:1, 55060 İlkadım/Samsun, Türkiye",İlkadım,https://gazidentalclinic.com/,WordPress,LiteSpeed,,200,
DentSamsun,"çiçek apt, Saitbey, 100. Yıl Blv. No:91, 55030 İlkadım/Samsun, Türkiye",İlkadım,http://www.dentsamsun.com/,Bilinmiyor / özel kod,LiteSpeed,,200,
Diş Hekimi Berk Kaan Budak,"Pazar, Necati Efendi Sk. no:42 kat:1 içkapı no:7, 55020 İlkadım/Samsun, Türkiye",İlkadım,,Website yok,,,,
Diş hekimi muayenehanesi çağrı Kutay Topçam,"19 Mayıs, Gazi Cd. No:9 apartmanı No91, 55100 İlkadım/Samsun, Türkiye",İlkadım,,Website yok,,,,
Diş Hekimi Dr. Ayberk Kara,"Kılıçdede, Ülkem Sk. 8B D:32, 55060 İlkadım/Samsun, Türkiye",İlkadım,https://ayberkara.com/,Next.js,cloudflare,Next.js,200,
Diş Hekimi Mert Çobanoğlu,"Kale, 19 Mayıs Blv. No: 31, 55030 İlkadım/Samsun, Türkiye",İlkadım,https://dtmertcobanoglu.com/,WordPress,LiteSpeed,PHP/8.1.34,200,
Dt. Fahri KARAMANGİL,"Çiftlik, Hakkı Bey Sk. No:117/3, 55060 İlkadım/Samsun, Türkiye",İlkadım,,Website yok,,,,
Özel dentsamsun ağız ve diş sağlığı polikliniği,"Saitbey, 100. Yıl Blv. No:91, 55030 İlkadım/Samsun, Türkiye",İlkadım,,Website yok,,,,
Nobel Plus - Samsun Ağız ve Diş Sağlığı Polikliniği,"Küçükkolpınar, Şht. Alaaddin Pergel Cd. No: 25, 55200 Atakum/Samsun, Türkiye",Atakum,https://nobelplus.com.tr/,WordPress,,,200,
canik ağız ve diş sağlığı merkezi,"Kuzey Yıldızı, Fas sokak numara 8 kat 2, 55080 Canik/Samsun, Türkiye",Canik,https://samsunadsh.saglik.gov.tr/,,,,,"HTTPSConnectionPool(host='samsunadsh.saglik.gov.tr', port=443): Read timed out. (read timeout=10)"
DENT 1919 AĞIZ VE DİŞ SAĞLIĞI POLİKLİNİĞİ,"Hasköy, Sarıpınar Sk., 55100 Canik/Samsun, Türkiye",Canik,,Website yok,,,,
Diş Hekimi Can Yavuz,"Esenevler, İsmet İnönü Blv. No:60, 55200 Atakum/Samsun, Türkiye",Atakum,https://www.dt-canyavuz.com/,WordPress,nginx,,200,
"Dr. Dt. Bora ÖZAN, Ağız, Diş ve Çene Cerrahisi Uzmanı","Bahçelievler, İstiklal Cd. No:132, 55070 İlkadım/Samsun, Türkiye",İlkadım,https://www.doktortakvimi.com/bora-ozan-2/agiz-dis-ve-cene-cerrahisi-dis-hekimi/samsun?utm_source=google&utm_medium=gmb&utm_campaign=131168&utm_content=website,Bilinmiyor / özel kod,nginx,,200,
Diş Hekimi Sefa Alper Akbaş,"Ulugazi, 55030 İlkadım/Samsun, Türkiye",İlkadım,,Website yok,,,,
Dr. Dt. Şükrü Özçelik,"Kılıçdede no, Kılıçdede, İstiklal Cd. No:199, 55060 İlkadım/Samsun, Türkiye",İlkadım,https://www.doktortakvimi.com/sukru-ozcelik/dis-hekimi-cocuk-dis-hekimligi-pedodonti/samsun?utm_source=google&utm_medium=gmb&utm_campaign=143996,Bilinmiyor / özel kod,nginx,,200,
Dentsam Tekkeköy Ağız ve Diş Sağlığı Polikliniği,"Kurtuluş, Baki Esen Cd No:56/1, 55000 Tekkeköy/Samsun, Türkiye",Tekkeköy,http://dentsam.com.tr/,Bilinmiyor / özel kod,cloudflare,,200,
Karadeniz Ağız ve Diş Sağlığı Polikliniği - Samsun Tekkeköy Şube,"Kurtuluş, Baki Esen Cd no:53/B, 55300 Tekkeköy/Samsun, Türkiye",Tekkeköy,http://www.karadenizdis.com/,Bilinmiyor / özel kod,,,404,
Ağız Ve Diş Sağlığı Hastanesi Tekkeköy Polikliniği,"Hürriyet, Samsun Blv. No:102, 55320 Tekkeköy/Samsun, Türkiye",Tekkeköy,https://samsunadsh.saglik.gov.tr/,,,,,"HTTPSConnectionPool(host='samsunadsh.saglik.gov.tr', port=443): Read timed out. (read timeout=10)"
Dr. Ali Ekrem Dogan,"Ballıca, Atatürk Bulv. Bahadır İş Hanı No:143, 55420 Ondokuzmayıs (Ballıca)/Samsun, Türkiye",Ondokuzmayıs (Ballıca),,Website yok,,,,
Faculty of Dentistry,"Körfez, 19 Mayıs Ünv. No:45, 55270 Atakum/Samsun, Türkiye",Atakum,http://dis.omu.edu.tr/,Bilinmiyor / özel kod,Apache/2.4.52 (Ubuntu),,200,
Samsun 19 Mayıs İlçe Devlet Hastanesi,"Yukarıengiz, Hızar Değirmeni Cd. No:11, 55420 19 Mayıs/Samsun, Türkiye",19 Mayıs,"https://samsun.saglik.gov.tr/TR,48339/19-mayis-ilce-devlet-hastanesi.html",,,,,"HTTPSConnectionPool(host='samsun.saglik.gov.tr', port=443): Read timed out. (read timeout=10)"
Güler Dentist,"Mimarsinan, Atatürk Bl. No:266A, 55200 Atakum/Samsun, Türkiye",Atakum,http://www.gulerdent.com.tr/,"React, WordPress",cloudflare,PHP/7.4.33,200,
DIŞ KLINIGI,"19 mayis mh.istiklal cd.no:59 Armagan, 19 Mayıs, 55020 3ilkadim/Samsun, Türkiye",3ilkadim,,Website yok,,,,
Diş Hekimi Necati Ünyeli,"Cumhuriyet, Barbaros Sk No:1, 55000 19 Mayıs/Samsun, Türkiye",19 Mayıs,,Website yok,,,,
"Prof.Dr. Cihan BEREKET, samsunimplant, ondokuz mayıs üniversitesi diş hekimliği fakültesi ağız diş ve çene cerrahisi","Diş hekimliği Fakültesi AĞIZ DİŞ VE ÇENE CERRAHİSİ KLİNİĞi İMPLANT UYGULAMA ÜNİTESİ, Körfez, Ondokuz mayıs üniversitesi, 55200 Atakum/Samsun, Türkiye",Atakum,,Website yok,,,,
Prof. Dr. Dt. Elif Eser Acarel,"Ondokuz Mayıs Üniversitesi Diş Hekimliği Fakültesi, Körfez, 55270 Atakum/Samsun, Türkiye",Atakum,https://www.doktorsitesi.com/prof-dr-dt-elif-eser-acarel/dis-hekimi/samsun,Next.js,cloudflare,,200,
Epident Ağız ve Diş Sağlığı Polikliniği,"İsmetpaşa, Hisar Sk. Royal Park Evleri No: 23, 55400 Bafra/Samsun, Türkiye",Bafra,https://www.epident.com.tr/,,,,,"HTTPSConnectionPool(host='www.epident.com.tr', port=443): Max retries exceeded with url: / (Caused by SSLError(SSLCertVerificationError(1, '[SSL: CERTIFICATE_VERIFY_FAILED] certificate verify failed: certificate has expired (_ssl.c:1016)')))"
HAKAN KULAKSIZ DİŞ HEKİMLİĞİ KLİNİĞİ,"Hacınabi, Hacı Ahmet Sk., 55400 Bafra/Samsun, Türkiye",Bafra,,Website yok,,,,
Bafra Diş Hekimi Emir Altındeğer,"Cumhuriyet, Cumhuriyet Cd. No:11, 55400 Bafra/Samsun, Türkiye",Bafra,,Website yok,,,,
Bafra Ağız ve Diş Sağlığı Hastanesi,"İshaklı, Molla Osman Sk. No:41, 55400 Bafra/Samsun, Türkiye",Bafra,https://www.bafraadsm.saglik.gov.tr/,,,,,"HTTPSConnectionPool(host='www.bafraadsm.saglik.gov.tr', port=443): Max retries exceeded with url: / (Caused by NameResolutionError(""HTTPSConnection(host='www.bafraadsm.saglik.gov.tr', port=443): Failed to resolve 'www.bafraadsm.saglik.gov.tr' ([Errno -2] Name or service not known)""))"
Dr. Hasan Bayrakci,"Çarşı, Atatürk Bulv./kabaş Sok. Cennetlik Zade İş Hanı No:12, 55400 Bafra/Samsun, Türkiye",Bafra,http://www.hasanbayrakci.com.tr/hakkimizda.html,ASP.NET,Microsoft-IIS/10.0,ASP.NET,200,
Bafra Diş Hekimi Nuri Ecrin Bıçakcı,"Tabakhane, Tekel Cd. No:1, 55400 Bafra/Samsun, Türkiye",Bafra,,Website yok,,,,
Dr. Ufuk Birer,"Hikmet Amca Kırtasiye Karşısı, İsmetpaşa, Atatürk Blv. No:24 / B, 55400 Bafra/Samsun, Türkiye",Bafra,,Website yok,,,,
Dt.Tamer GEVECİ & Dt. İ. Okan RAMOĞLU,"Altınyaprak, Gençlik Cd., 55400 Bafra/Samsun, Türkiye",Bafra,,Website yok,,,,
Uzm.Dt. Burak Sevinç Ortodonti Kliniği,"Hacınabi, Hacı Ahmet Sk. No:4 İç kapı:3, 55400 Bafra/Samsun, Türkiye",Bafra,https://www.bafraortodonti.com/,Bilinmiyor / özel kod,ESF,,200,
Diş Hekimi onur ışık,"Tabakhane, Güven Sk no:12/1, 55400 Bafra/Samsun, Türkiye",Bafra,,Website yok,,,,
Dr. Serhan Gumrukcu,"Çarşı, Atatürk Bulv. 24/B, 55400 Bafra/Samsun, Türkiye",Bafra,,Website yok,,,,
Medibafra Hastanesi,"Altınyaprak, Hastane Sk. No:27, 55410 Bafra/Samsun, Türkiye",Bafra,http://medibafra.com.tr/,Bilinmiyor / özel kod,,,200,
Diş Hekimi Mustafa Biren,"Tütüncü apartmanı, Cumhuriyet, Cumhuriyet Cd. kat1, 55400 Bafra/Samsun, Türkiye",Bafra,,Website yok,,,,
Dr. Mustafa Taymaz,"Cumhuriyet Mah. No:7 K:1, Bafra Merkez, Bafra, Samsun, Kızılırmak, 55400 Bafra/Samsun, Türkiye",Bafra,,Website yok,,,,
Diş Hekimi Sümeyra Saçlı,"Cumhuriyet, Cumhuriyet Cd. no:7, 55400 Bafra/Samsun, Türkiye",Bafra,,Website yok,,,,
Bafra Diş Hekimi Emir Altındeğer,"Cumhuriyet, Cumhuriyet Cd. No:11, 55400 Bafra/Samsun, Türkiye",Bafra,,Website yok,,,,
"Dt. Burhan Kaan Bafra, Diş Hekimi","Mimarsinan, Alparslan Blv. No:17, 55200 Atakum/Samsun, Türkiye",Atakum,https://www.doktortakvimi.com/burhan-kaan-bafra/dis-hekimi/samsun?utm_source=google&utm_medium=gmb&utm_campaign=246676&utm_content=website,Bilinmiyor / özel kod,nginx,,200,
Dişhekimi Ali Alemisoğlu,"Tabakhane, Hacı İzzet Ağa Sk. No:1, 55400 Bafra/Samsun, Türkiye",Bafra,,Website yok,,,,
Diş Hekimi Münire Pehlivan,"Tabakhane, Atatürk Blv. No:25, 55400 Bafra/Samsun, Türkiye",Bafra,,Website yok,,,,
Dr. Ahmet Isildak,"Kızılırmak, Alaçam Cd. No:5, 55400 Bafra/Samsun, Türkiye",Bafra,,Website yok,,,,
Çarşamba Uzman Ağız ve Diş Sağlığı Polikliniği,"Sungurlu, Sungurlu Cd. No:14 D:C, 55500 Çarşamba/Samsun, Türkiye",Çarşamba,,Website yok,,,,
DİŞ HEKİMİ HACI HASAN KURT,"Sungurlu, 344. Sk. NO:7A, 55500 Çarşamba/Samsun, Türkiye",Çarşamba,,Website yok,,,,
Diş Hekimi Hilal DUMAN TAŞDELEN,"Çarşımar yanı . 3. Noterden önce, Sungurlu, Gazi Cad 5/A, 55500 Çarşamba/Samsun, Türkiye",Çarşamba,https://carsambadis.com.tr/index.php/dt-hilal-duman-celebi/,,,,,"HTTPSConnectionPool(host='carsambadis.com.tr', port=443): Max retries exceeded with url: /index.php/dt-hilal-duman-celebi/ (Caused by NameResolutionError(""HTTPSConnection(host='carsambadis.com.tr', port=443): Failed to resolve 'carsambadis.com.tr' ([Errno -2] Name or service not known)""))"
Diş Hekimi Aslınur BAYAR ÇELEBİ,"Sungurlu Mah. Gazi Cad. 5/A , Çarşımar Yanı, Sungurlu, 55500 Çarşamba/Samsun, Türkiye",Çarşamba,http://www.carsambadis.com/,Bilinmiyor / özel kod,Apache,,200,
Dr.Dt. Murat Aydın,"Sarıcalı Mahallesi Yunus Emre Caddesi No:25/2 DEĞİRMENBAŞI ECZANESİ, Eski FİZOMER BİNASI, Sarıcalı, Üzeri, 55500 Çarşamba/Samsun, Türkiye",Çarşamba,https://www.doktortakvimi.com/murat-aydin-15/dis-hekimi/samsun?utm_source=google&utm_medium=gmb&utm_campaign=164296,Bilinmiyor / özel kod,nginx,,200,
Çarşamba Ağız Ve Diş Sağlığı Merkezi,"Sarıcalı, Prf. Ali Fuat Başgil Cd. No:24, 55500 Çarşamba/Samsun, Türkiye",Çarşamba,,Website yok,,,,
Özel Çarşamba Ağız ve Diş Sağlığı Polikliniği,"Sarıcalı, Musapaşa Sk. No:14/B, 55500 Çarşamba/Samsun, Türkiye",Çarşamba,,Website yok,,,,
Diş Kliniği,"Sarıcalı, Prf. Ali Fuat Başgil Cd. 7-1, 55500 Çarşamba/Samsun, Türkiye",Çarşamba,,Website yok,,,,
DİŞ HEKİMİ ELİF NUR BAŞ,"Sarıcalı Mahallesi Yunus Emre Caddesi No:17/2 Yıldızbaş, Sarıcalı, İşhanı Kat:2, 55500 Çarşamba/Samsun, Türkiye",Çarşamba,,Website yok,,,,
Diş Hekimi Fatih Günay,"İmamoğulları Plaza (Garanti Bankası üstü, Orta, Atatürk Cd No:2 Kat:3, 55500 Çarşamba/Samsun, Türkiye",Çarşamba,http://www.dtfatihgunay.com/,Bilinmiyor / özel kod,nginx,,200,
Çarşambada diş doktoru | Diş Hekimi Şeyma Sarı Muayenehanesi,"Sarıcalı Mah Yunusemre Cad Zübeyde Hanım Meydanı No:1 Kat:1, Sarıcalı, 55500 Çarşamba/Samsun, Türkiye",Çarşamba,,Website yok,,,,
Çarşamba Diş Hekimi Cihan Keskin,"Sarıcalı, Zübeyde Hanım Meydanı, 55500 Çarşamba/Samsun, Türkiye",Çarşamba,http://www.dtcihankeskin.com/,WordPress,LiteSpeed,PHP/8.1.34,200,
Özel Bade Ağız ve Diş Sağlığı Polikliniği,"Çay, Prf. Naci Şensoy Cd. No:37, 55500 Çarşamba/Samsun, Türkiye",Çarşamba,,Website yok,,,,
Çarşamba Diş Kliniği Sümeyye Zeynep Besler,"Bellona karşısında, Sarıcalı, İstasyon Cd. 21/A, 55500 Çarşamba/Samsun, Türkiye",Çarşamba,,Website yok,,,,
Diş Hekimi Neslihan Kaya Aydoğdu,"Dr. Ata Giritli Cd. No:2/1 Samsun, Orta, 55500 Çarşamba/Samsun, Türkiye",Çarşamba,,Website yok,,,,
Diş Hekimi Melisa TEKİN,"Sarıcalı, İstasyon Cd., 55500 Çarşamba/Samsun, Türkiye",Çarşamba,,Website yok,,,,
Dr. Salih Kuzgun,"Orta, Atatürk Bulv. Saray Apt. No:12 D:1, 55500 Çarşamba/Samsun, Türkiye",Çarşamba,http://www.salihkuzgun.com.tr/,Bilinmiyor / özel kod,Server,,200,
"Dt. Sefa Kılıç, Diş Hekimi","Sungurlu, Sungurlu Cd. No:14 C, 55500 Çarşamba/Samsun, Türkiye",Çarşamba,https://www.doktortakvimi.com/sefa-kilic-2/dis-hekimi/samsun?utm_source=google&utm_medium=gmb&utm_campaign=257477&utm_content=website,Bilinmiyor / özel kod,nginx,,200,
"Dt. Şeyma Sarıoğlu, Diş Hekimi","Sarıcalı Mahallesi Yunus Emre Caddesi Zübeyde Hanım Meydanı No:1 Kat:1, Sarıcalı, 55500 Çarşamba/Samsun, Türkiye",Çarşamba,https://www.doktortakvimi.com/seyma-sarioglu/dis-hekimi/samsun?utm_source=google&utm_medium=gmb&utm_campaign=250521&utm_content=website,Bilinmiyor / özel kod,nginx,,200,
"Dt. Şule Özçelik, Diş Hekimi","Sungurlu, Sungurlu Cd. No:14 C, 55500 Çarşamba/Samsun, Türkiye",Çarşamba,https://www.doktortakvimi.com/sule-ozcelik/dis-hekimi/samsun?utm_source=google&utm_medium=gmb&utm_campaign=241510&utm_content=website,Bilinmiyor / özel kod,nginx,,200,
Diş Hekimi Serhan Çeviker,"Sarıcalı, Yunus Emre Cd. No:19 D:301, 55500 Çarşamba/Samsun, Türkiye",Çarşamba,,Website yok,,,,
Özel Terme MERCAN Ağız ve Diş Sağlığı Polikliniği,"Fenk mahallesi Atatürk caddesi, Ziraat Bankası yanı, Fenk, Hamdi İmzalı Sk. no:4/A, 55600 Terme/Samsun, Türkiye",Terme,,Website yok,,,,
Özel Zirve Tuna Ağız Ve Diş Sağlığı Polikliniği,"Fenk, Selçukiler Sokak No: 4/A, 55600 Terme/Samsun, Türkiye",Terme,,Website yok,,,,
Diş Hekimi Dt. CANER AKBAŞ,"Fenk, Atatürk Cd. NO:1/1, 55600 Terme/Samsun, Türkiye",Terme,,Website yok,,,,
Hüsnenur Güney Diş Muayenehanesi,"Çay, DUMLUPINAR SK IRMAK APT NO: 74 A, 55600 Terme/Samsun, Türkiye",Terme,,Website yok,,,,
Diş Hekimi Ayşenur Yüksel,"Fenk, Hukumet Sk. No:6/A, 55600 Terme/Samsun, Türkiye",Terme,,Website yok,,,,
Terme Diş Kliniği Diş Hekimi Abdulhamit Taha Koca-Terme Diş Kliniği,"Fenk, Cumhuriyet Meydanı Çuha Sok Külahlı Apt Kat.1, 55600 Terme/Samsun, Türkiye",Terme,,Website yok,,,,
Diş Hekimi Özlem DANACI - Terme Diş Kliniği,"Fenk, Çarşamba Cd. 33/A, 55600 Terme/Samsun, Türkiye",Terme,https://www.instagram.com/dtozlemdanaci/,Bilinmiyor / özel kod,,,429,
Dr. Engin Seyhan,"Fenk, Çarşamba Cd., 55600 Terme/Samsun, Türkiye",Terme,,Website yok,,,,
Terme Devlet Hastanesi,"Cumhuriyet, Kemer Sk. No:8, 55600 Terme/Samsun, Türkiye",Terme,https://termedh.saglik.gov.tr/,,,,,"HTTPSConnectionPool(host='termedh.saglik.gov.tr', port=443): Read timed out. (read timeout=10)"
Diş Hekimi Umut TÖR,"Fenk, Konak Sk. NO:12/A, 55600 Terme/Samsun, Türkiye",Terme,,Website yok,,,,
Terme Ağız Ve Diş Sağlığı Merkezi,"Fenk Mh. Hukumet Sk. Pk:55600 Terme/samsun, Fenk, 55600 Terme/Samsun, Türkiye",Terme,,Website yok,,,,
Dr. Can Seyhan,"Fenk, Çarşamba Cd., 55600 Terme/Samsun, Türkiye",Terme,,Website yok,,,,
Elif Kapar,"Cumhuriyet, Kemer Sk. No:8, 55600 Terme/Samsun, Türkiye",Terme,,Website yok,,,,
Bacacı Diş Kliniği,"Gökçeli, Şehit Hüseyin Ataseven Cad No:10/A, 55530 Salıpazarı/Samsun, Türkiye",Salıpazarı,,Website yok,,,,
Diş Hekimi Dr.H.Emre Harbalıoğlu,"Mimarsinan, 144. Sk. Albayrak Apt No:33 A Blok Kat:1 Daire:3, 55200 Atakum/Samsun, Türkiye",Atakum,http://www.harbalioglu.com/,WordPress,,,200,
Dr. Sukru Karaca,"Bereket, Cumhuriyet Meydanı Belediye Binası, 55530 Salıpazarı/Samsun, Türkiye",Salıpazarı,,Website yok,,,,
Salıpazarı Devlet Hastanesi,"Yavaşbey, Salıpazarı Terme yolu, 55530 Salıpazarı/Samsun, Türkiye",Salıpazarı,https://salipazaridh.saglik.gov.tr/,,,,,"HTTPSConnectionPool(host='salipazaridh.saglik.gov.tr', port=443): Read timed out. (read timeout=10)"
Saklı Cennet Ayvacık,"Orhangazi, 55550 Ayvacık/Samsun, Türkiye",Ayvacık,,Website yok,,,,
Ayvacik District State Hospital,"Eyüpsultan, Mustafa Güler Sk. No:5, 55550 Ayvacık/Samsun, Türkiye",Ayvacık,http://www.samsunayvacikdh.saglik.gov.tr/,,,,,"HTTPConnectionPool(host='www.samsunayvacikdh.saglik.gov.tr', port=80): Max retries exceeded with url: / (Caused by NameResolutionError(""HTTPConnection(host='www.samsunayvacikdh.saglik.gov.tr', port=80): Failed to resolve 'www.samsunayvacikdh.saglik.gov.tr' ([Errno -2] Name or service not known)""))"
SAMSUN İL SAĞLIK MÜDÜRLÜĞÜ AYVACIK MERKEZ AİLE SAĞLIĞI MERKEZİ,"Ortakapi Mah, Faikbey Cad No:12 |, 55550 Ayvacık/Samsun, Türkiye",Ayvacık,,Website yok,,,,
Özel Life Dental Ağız ve Diş Sağlığı Polikliniği,"Körfez, Atatürk 5.Kısım Bulvarı No:120/5 Kat:4, 55200 Atakum/Samsun, Türkiye",Atakum,,Website yok,,,,
Prof.Dr.Ayça Tuba Ulusoy,"Körfez, Atakum Bulvarı no:21/13, 55200 Atakum/Samsun, Türkiye",Atakum,http://www.samsuncocukdisdoktoru.com/%20%20%20%20%20%20%20%20%20https://www.doktortakvimi.com/ayca-tuba-ulusoy/cocuk-dis-hekimligi-pedodonti/samsun?utm_source=google&utm_medium=gmb&utm_campaign=125809&utm_content=post_book_now,,,,,"HTTPConnectionPool(host='www.samsuncocukdisdoktoru.com', port=80): Max retries exceeded with url: /%20%20%20%20%20%20%20%20%20https://www.doktortakvimi.com/ayca-tuba-ulusoy/cocuk-dis-hekimligi-pedodonti/samsun?utm_source=google&utm_medium=gmb&utm_campaign=125809&utm_content=post_book_now (Caused by ConnectTimeoutError(<HTTPConnection(host='www.samsuncocukdisdoktoru.com', port=80) at 0x7f4f4e842790>, 'Connection to www.samsuncocukdisdoktoru.com timed out. (connect timeout=10)'))"
Samsun Ortodonti Uzmanı - Dr. Betül Uzun - Atakum Diş Doktoru,"Mimarsinan, 144. Sk. Albayrak sitesi No:33 B Blok 5/29, 55200 Atakum/Samsun, Türkiye",Atakum,https://www.betuluzun.com/,WordPress,Apache,,200,
Diş Hekimi Tuğçe Arı,"Mimarsinan, Atatürk Bl. No:264, 55200 Atakum/Samsun, Türkiye",Atakum,https://www.doktorsitesi.com/dt-tugce-ari/dis-hekimi/samsun,Next.js,cloudflare,,200,
Dr. Koray Onur Şanal,"Cumhuriyet Mahallesi Alparslan Bulvarı Sungur Apartmanı, Bina No:32 Kat:2, Daire:6, Cumhuriyet, 55200 Atakum/Samsun, Türkiye",Atakum,https://www.doktortakvimi.com/koray-onur-sanal/agiz-dis-ve-cene-cerrahisi-dis-hekimi/samsun,Bilinmiyor / özel kod,nginx,,200,
Ayvacik Aile Sagligi Merkezi,"Orhangazi, Molla Gürani Sok No:16, 55550 Ayvacık/Samsun, Türkiye",Ayvacık,,Website yok,,,,
MEDİSAM Ağız ve Diş Sağlığı Polikliniği - Vezirköprü,"Cumhuriyet, 113. Sok No:7, 55900 Vezirköprü/Samsun, Türkiye",Vezirköprü,,Website yok,,,,
VEZİRKÖPRÜ AĞIZ VE DİŞ SAĞLIĞI MERKEZİ,"Esentepe, Samsun Caddesi 116/1, 55900 Vezirköprü/Samsun, Türkiye",Vezirköprü,,Website yok,,,,
Vezirköprü Ağız Ve Diş Sağlığı,"Fazıl Ahmet Paşa, 121. Sk. No 7, 55900 Vezirköprü/Samsun, Türkiye",Vezirköprü,,Website yok,,,,
Diş hekimliği Ömer Çiftci,"Cumhuriyet, 504. Sk. no:14 D:4, 55900 Vezirköprü/Samsun, Türkiye",Vezirköprü,,Website yok,,,,
Diş Hekimi Muhammet Ali Koç,"Cumhuriyet, 504. Sk. No:4, 55900 Vezirköprü/Samsun, Türkiye",Vezirköprü,,Website yok,,,,
Diş Hekimi Resul YÜKSEK,"İnceler Apartmanı, Atatürk, Gençlik Cd. No:54 D:2, 55900 Vezirköprü/Samsun, Türkiye",Vezirköprü,https://www.facebook.com/dishekimiresulyuksek,Bilinmiyor / özel kod,,,200,
Diş Hekimi Ahmet Baştuğ,"Cumhuriyet, Gençlik Cd. No:95 D:1, 55900 Vezirköprü/Samsun, Türkiye",Vezirköprü,,Website yok,,,,
Dr. Fazli Kartal,"Yeni, Hacı Yusuf Sok. No:3, 55900 Vezirköprü/Samsun, Türkiye",Vezirköprü,,Website yok,,,,
Dr. Haluk Akdin,"Yeni, Atatürk İş Merkezi No:111, 55900 Vezirköprü/Samsun, Türkiye",Vezirköprü,,Website yok,,,,
Dr. Yusuf Ziya Akpinar,"Çayırbaşı, 100. Yıl Cd. Özdemir İş Merkezi D:5, 55900 Vezirköprü/Samsun, Türkiye",Vezirköprü,,Website yok,,,,
DENT-IL AĞIZ VE DİŞ SAĞLIĞI POLİKLİNİĞİ,"25 Mayıs, Sebzeciler Sk. NO:14/9, 55700 Havza/Samsun, Türkiye",Havza,,Website yok,,,,
Diş Hekimi Muhammet Ali Pekşen - Diş Hekimi Rabia Feyza Arslan (MF DENTAL CLİNİC),"25 Mayıs, şehit jandarma kaşif arslan sokak no: 35/1, 55700 Havza/Samsun, Türkiye",Havza,,Website yok,,,,
DİŞ HEKİMİ RASİM CİVELEK,"25 Mayıs, Kazım Paşa Cd. No:34/2, 55700 Havza/Samsun, Türkiye",Havza,,Website yok,,,,
Diş Hekimi Murat BÜYÜKBAŞ,"25 Mayıs Mah. Şehit Jandarma, Er Recep, 25 Mayıs, Kocatepe Sk. no:1 /16, 55700 Havza/Samsun, Türkiye",Havza,,Website yok,,,,
Samsun Havza Devlet Hastanesi,"19 Mayıs, Sefa Sk. No:25, 55700 Havza/Samsun, Türkiye",Havza,https://havzadh.saglik.gov.tr/,,,,,"HTTPSConnectionPool(host='havzadh.saglik.gov.tr', port=443): Read timed out. (read timeout=10)"
Dr. Seyit Ahmet Kilic,"İcadiye, Mehmetçik Meydanı Sk. No:21 D:3, 55700 Havza/Samsun, Türkiye",Havza,,Website yok,,,,
Ladik Devlet Hastanesi,"Akpınar, 55760 Ladik/Samsun, Türkiye",Ladik,https://ladikdh.saglik.gov.tr/,,,,,"HTTPSConnectionPool(host='ladikdh.saglik.gov.tr', port=443): Read timed out. (read timeout=10)"
Özel Kavak Ağız ve Diş Sağlığı Kliniği,"Soğuksu, 217. Sokak No.2/10, 55850 Kavak/Samsun, Türkiye",Kavak,,Website yok,,,,
Poplar State Hospital,"Soğuksu, Lise Caddesi No:2, 55850 Kavak/Samsun, Türkiye",Kavak,"https://samsun.saglik.gov.tr/TR,48334/kavak-devlet-hastanesi.html",,,,,"HTTPSConnectionPool(host='samsun.saglik.gov.tr', port=443): Read timed out. (read timeout=10)"
Dt. Alper Dilek,"19 Mayıs Mah. Gazi Caddesi Serkan İş Hanı No:90, Kazancı, D:2, 55000 Kavak/Samsun, Türkiye",Kavak,https://www.doktortakvimi.com/alper-dilek/dis-hekimi/samsun?utm_source=google&utm_medium=gmb&utm_campaign=149834&utm_content=url_appointment,Bilinmiyor / özel kod,nginx,,200,
Dr.Erhan Pallı Diş Kliniği,"Mimarsinan, Atatürk Bl. No:229 D:233, 55200 Atakum/Samsun, Türkiye",Atakum,http://www.samsunestetikdishekimi.com/,Vue.js,hcdn,HostingerWebsiteBuilder,200,
DENTSAM AGİZ VE DİŞ SAGLİGİ POLİKLİNİGİ KAVAK SUBESİ,"19 Mayıs, Adnan Menderes Cd. No:97, 55850 Kavak/Samsun, Türkiye",Kavak,,Website yok,,,,
Diş Hekimi Hüseyin Savaş,"Yenimahalle, Atakent Blv. 91/3, 55200 Atakum/Samsun, Türkiye",Atakum,https://holydent.com/,WordPress,LiteSpeed,,200,
Dentakan Ağız Ve Diş Sağlığı Polikliniği,"Atakent, 3026. Sk. Atatürk 3. Kısım bulvarı Platin ofis no :43/5, 55270 Atakum/Samsun, Türkiye",Atakum,https://instagram.com/dt.emirakan?igshid=MjEwN2IyYWYwYw==,Bilinmiyor / özel kod,,,429,
Atakent Diş Kliniği,"Yenimahalle, 3078. Sk. No: 22, 55270 Atakum/Samsun, Türkiye",Atakum,,Website yok,,,,
Prof.Dr. İlker KESKİNER & Prof.Dr. Alper ÖZ (Ortodonti Uzmanı),"Dentatakum ağız ve diş sağlığı polikliniği, Cumhuriyet, Adnan Menderes Blv. No:327/3, 55200 Atakum/Samsun, Türkiye",Atakum,http://dentatakum.com/,Bilinmiyor / özel kod,nginx,"PHP/7.4.33, PleskLin",200,
Diş Hekimi Birol Özaydın,"Alparslan, Bafra Cd. No:157/2, 55800 Alaçam/Samsun, Türkiye",Alaçam,,Website yok,,,,
Samsun Diş Hastanesi,"Çeşme, Şht. Kadir Kara Sk. No:1, 55800 Alaçam/Samsun, Türkiye",Alaçam,,Website yok,,,,
Dr. Elif Isleyen,"Çeşme, Belediye Pazar Cad. No:5, 55800 Alaçam/Samsun, Türkiye",Alaçam,,Website yok,,,,
Çiçek Ağız ve Diş Sağlığı Polikliniği,"Cumhuriyet, 76. Sk. No:5/A, 55200 Atakum/Samsun, Türkiye",Atakum,https://www.cicekdispoliklinigi.com/,WordPress,LiteSpeed,PHP/7.4.33,200,
Asarcik District State Hospital,"Biçincik, Esen Sk. 15A, 55860 Asarcık/Samsun, Türkiye",Asarcık,,Website yok,,,,
Diş Hekimi Dilek Uçar Çiftçi,"Yenimahalle, İstiklal Cd. no:31/5, 55200 Atakum/Samsun, Türkiye",Atakum,https://www.instagram.com/dt.dilekucarciftci/,Bilinmiyor / özel kod,,,429,
